Year,Stage,Home Team Name,Home Team Goals,Away Team Goals,Away Team Name,Win conditions,
1930,Group 1,France,4,1,Mexico, ,
1930,Group 4,USA,3,0,Belgium, ,
1930,Group 2,Yugoslavia,2,1,Brazil, ,
1930,Group 3,Romania,3,1,Peru, ,
1930,Group 1,Argentina,1,0,France, ,
1930,Group 1,Chile,3,0,Mexico, ,
1930,Group 2,Yugoslavia,4,0,Bolivia, ,
1930,Group 4,USA,3,0,Paraguay, ,
1930,Group 3,Uruguay,1,0,Peru, ,
1930,Group 1,Chile,1,0,France, ,
1930,Group 1,Argentina,6,3,Mexico, ,
1930,Group 2,Brazil,4,0,Bolivia, ,
1930,Group 4,Paraguay,1,0,Belgium, ,
1930,Group 3,Uruguay,4,0,Romania, ,
1930,Group 1,Argentina,3,1,Chile, ,
1930,Semi-finals,Argentina,6,1,USA, ,
1930,Semi-finals,Uruguay,6,1,Yugoslavia, ,
1930,Final,Uruguay,4,2,Argentina, ,
1934,Preliminary round,Austria,3,2,France,Austria win after extra time ,
1934,Preliminary round,Hungary,4,2,Egypt, ,
1934,Preliminary round,Switzerland,3,2,Netherlands, ,
1934,Preliminary round,Sweden,3,2,Argentina, ,
1934,Preliminary round,Germany,5,2,Belgium, ,
1934,Preliminary round,Spain,3,1,Brazil, ,
1934,Preliminary round,Italy,7,1,USA, ,
1934,Preliminary round,Czechoslovakia,2,1,Romania, ,
1934,Quarter-finals,Czechoslovakia,3,2,Switzerland, ,
1934,Quarter-finals,Germany,2,1,Sweden, ,
1934,Quarter-finals,Italy,1,1,Spain, ,
1934,Quarter-finals,Austria,2,1,Hungary, ,
1934,Quarter-finals,Italy,1,0,Spain, ,
1934,Semi-finals,Italy,1,0,Austria, ,
1934,Semi-finals,Czechoslovakia,3,1,Germany, ,
1934,Match for third place,Germany,3,2,Austria, ,
1934,Final,Italy,2,1,Czechoslovakia,Italy win after extra time ,
1938,First round,Switzerland,1,1,Germany, ,
1938,First round,Hungary,6,0,Dutch East Indies, ,
1938,First round,France,3,1,Belgium, ,
1938,First round,Cuba,3,3,Romania, ,
1938,First round,Italy,2,1,Norway,Italy win after extra time ,
1938,First round,Brazil,6,5,Poland,Brazil win after extra time ,
1938,First round,Czechoslovakia,3,0,Netherlands,Czechoslovakia win after extra time ,
1938,First round,Cuba,2,1,Romania, ,
1938,First round,Switzerland,4,2,Germany, ,
1938,Quarter-finals,Brazil,1,1,Czechoslovakia, ,
1938,Quarter-finals,Hungary,2,0,Switzerland, ,
1938,Quarter-finals,Sweden,8,0,Cuba, ,
1938,Quarter-finals,Italy,3,1,France, ,
1938,Quarter-finals,Brazil,2,1,Czechoslovakia, ,
1938,Semi-finals,Hungary,5,1,Sweden, ,
1938,Semi-finals,Italy,2,1,Brazil, ,
1938,Match for third place,Brazil,4,2,Sweden, ,
1938,Final,Italy,4,2,Hungary, ,
1950,Group 1,Brazil,4,0,Mexico, ,
1950,Group 2,England,2,0,Chile, ,
1950,Group 2,Spain,3,1,USA, ,
1950,Group 3,Sweden,3,2,Italy, ,
1950,Group 1,Yugoslavia,3,0,Switzerland, ,
1950,Group 1,Brazil,2,2,Switzerland, ,
1950,Group 1,Yugoslavia,4,1,Mexico, ,
1950,Group 2,Spain,2,0,Chile, ,
1950,Group 3,Sweden,2,2,Paraguay, ,
1950,Group 2,USA,1,0,England, ,
1950,Group 1,Brazil,2,0,Yugoslavia, ,
1950,Group 2,Spain,1,0,England, ,
1950,Group 3,Italy,2,0,Paraguay, ,
1950,Group 4,Uruguay,8,0,Bolivia, ,
1950,Group 1,Switzerland,2,1,Mexico, ,
1950,Group 2,Chile,5,2,USA, ,
1950,Group 6,Uruguay,2,2,Spain, ,
1950,Group 6,Brazil,7,1,Sweden, ,
1950,Group 6,Brazil,6,1,Spain, ,
1950,Group 6,Uruguay,3,2,Sweden, ,
1950,Group 6,Sweden,3,1,Spain, ,
1950,Group 6,Uruguay,2,1,Brazil, ,
1954,Group 3,Uruguay,2,0,Czechoslovakia, ,
1954,Group 3,Austria,1,0,Scotland, ,
1954,Group 1,Brazil,5,0,Mexico, ,
1954,Group 1,Yugoslavia,1,0,France, ,
1954,Group 2,Germany FR,4,1,Turkey, ,
1954,Group 2,Hungary,9,0,Korea Republic, ,
1954,Group 4,England,4,4,Belgium, ,
1954,Group 4,Switzerland,2,1,Italy, ,
1954,Group 3,Uruguay,7,0,Scotland, ,
1954,Group 3,Austria,5,0,Czechoslovakia, ,
1954,Group 1,France,3,2,Mexico, ,
1954,Group 1,Brazil,1,1,Yugoslavia, ,
1954,Group 2,Hungary,8,3,Germany FR, ,
1954,Group 2,Turkey,7,0,Korea Republic, ,
1954,Group 4,England,2,0,Switzerland, ,
1954,Group 4,Italy,4,1,Belgium, ,
1954,Group 2,Germany FR,7,2,Turkey, ,
1954,Group 4,Switzerland,4,1,Italy, ,
1954,Quarter-finals,Uruguay,4,2,England, ,
1954,Quarter-finals,Austria,7,5,Switzerland, ,
1954,Quarter-finals,Germany FR,2,0,Yugoslavia, ,
1954,Quarter-finals,Hungary,4,2,Brazil, ,
1954,Semi-finals,Germany FR,6,1,Austria, ,
1954,Semi-finals,Hungary,4,2,Uruguay,Hungary win after extra time ,
1954,Match for third place,Austria,3,1,Uruguay, ,
1954,Final,Germany FR,3,2,Hungary, ,
1958,Group 3,Sweden,3,0,Mexico, ,
1958,Group 4,Soviet Union,2,2,England, ,
1958,Group 1,Argentina,1,3,Germany FR, ,
1958,Group 3,Hungary,1,1,Wales, ,
1958,Group 2,France,7,3,Paraguay, ,
1958,Group 2,Yugoslavia,1,1,Scotland, ,
1958,Group 4,Brazil,3,0,Austria, ,
1958,Group 1,Northern Ireland,1,0,Czechoslovakia, ,
1958,Group 4,Brazil,0,0,England, ,
1958,Group 3,Mexico,1,1,Wales, ,
1958,Group 2,Paraguay,3,2,Scotland, ,
1958,Group 2,Yugoslavia,3,2,France, ,
1958,Group 4,Soviet Union,2,0,Austria, ,
1958,Group 1,Germany FR,2,2,Czechoslovakia, ,
1958,Group 1,Argentina,3,1,Northern Ireland, ,
1958,Group 3,Sweden,2,1,Hungary, ,
1958,Group 3,Sweden,0,0,Wales, ,
1958,Group 4,Brazil,2,0,Soviet Union, ,
1958,Group 1,Germany FR,2,2,Northern Ireland, ,
1958,Group 3,Hungary,4,0,Mexico, ,
1958,Group 2,Paraguay,3,3,Yugoslavia, ,
1958,Group 2,France,2,1,Scotland, ,
1958,Group 4,England,2,2,Austria, ,
1958,Group 1,Czechoslovakia,6,1,Argentina, ,
1958,Group 4,Soviet Union,1,0,England, ,
1958,Group 1,Northern Ireland,2,1,Czechoslovakia,Northern Ireland win after extra time ,
1958,Group 3,Wales,2,1,Hungary, ,
1958,Quarter-finals,Brazil,1,0,Wales, ,
1958,Quarter-finals,Germany FR,1,0,Yugoslavia, ,
1958,Quarter-finals,Sweden,2,0,Soviet Union, ,
1958,Quarter-finals,France,4,0,Northern Ireland, ,
1958,Semi-finals,Sweden,3,1,Germany FR, ,
1958,Semi-finals,Brazil,5,2,France, ,
1958,Match for third place,France,6,3,Germany FR, ,
1958,Final,Brazil,5,2,Sweden, ,
1962,Group 1,Uruguay,2,1,Colombia, ,
1962,Group 3,Brazil,2,0,Mexico, ,
1962,Group 4,Argentina,1,0,Bulgaria, ,
1962,Group 2,Chile,3,1,Switzerland, ,
1962,Group 1,Soviet Union,2,0,Yugoslavia, ,
1962,Group 3,Czechoslovakia,1,0,Spain, ,
1962,Group 4,Hungary,2,1,England, ,
1962,Group 2,Germany FR,0,0,Italy, ,
1962,Group 1,Yugoslavia,3,1,Uruguay, ,
1962,Group 3,Brazil,0,0,Czechoslovakia, ,
1962,Group 4,England,3,1,Argentina, ,
1962,Group 2,Chile,2,0,Italy, ,
1962,Group 1,Soviet Union,4,4,Colombia, ,
1962,Group 3,Spain,1,0,Mexico, ,
1962,Group 4,Hungary,6,1,Bulgaria, ,
1962,Group 2,Germany FR,2,1,Switzerland, ,
1962,Group 1,Soviet Union,2,1,Uruguay, ,
1962,Group 3,Brazil,2,1,Spain, ,
1962,Group 4,Hungary,0,0,Argentina, ,
1962,Group 2,Germany FR,2,0,Chile, ,
1962,Group 1,Yugoslavia,5,0,Colombia, ,
1962,Group 3,Mexico,3,1,Czechoslovakia, ,
1962,Group 4,England,0,0,Bulgaria, ,
1962,Group 2,Italy,3,0,Switzerland, ,
1962,Quarter-finals,Chile,2,1,Soviet Union, ,
1962,Quarter-finals,Brazil,3,1,England, ,
1962,Quarter-finals,Czechoslovakia,1,0,Hungary, ,
1962,Quarter-finals,Yugoslavia,1,0,Germany FR, ,
1962,Semi-finals,Czechoslovakia,3,1,Yugoslavia, ,
1962,Semi-finals,Brazil,4,2,Chile, ,
1962,Match for third place,Chile,1,0,Yugoslavia, ,
1962,Final,Brazil,3,1,Czechoslovakia, ,
1966,Group 1,England,0,0,Uruguay, ,
1966,Group 2,Germany FR,5,0,Switzerland, ,
1966,Group 3,Brazil,2,0,Bulgaria, ,
1966,Group 4,Soviet Union,3,0,Korea DPR, ,
1966,Group 1,France,1,1,Mexico, ,
1966,Group 3,Portugal,3,1,Hungary, ,
1966,Group 2,Argentina,2,1,Spain, ,
1966,Group 4,Italy,2,0,Chile, ,
1966,Group 1,Uruguay,2,1,France, ,
1966,Group 2,Spain,2,1,Switzerland, ,
1966,Group 3,Hungary,3,1,Brazil, ,
1966,Group 4,Korea DPR,1,1,Chile, ,
1966,Group 3,Portugal,3,0,Bulgaria, ,
1966,Group 2,Germany FR,0,0,Argentina, ,
1966,Group 4,Soviet Union,1,0,Italy, ,
1966,Group 1,England,2,0,Mexico, ,
1966,Group 1,Uruguay,0,0,Mexico, ,
1966,Group 2,Argentina,2,0,Switzerland, ,
1966,Group 3,Portugal,3,1,Brazil, ,
1966,Group 4,Korea DPR,1,0,Italy, ,
1966,Group 1,England,2,0,France, ,
1966,Group 3,Hungary,3,1,Bulgaria, ,
1966,Group 2,Germany FR,2,1,Spain, ,
1966,Group 4,Soviet Union,2,1,Chile, ,
1966,Quarter-finals,England,1,0,Argentina, ,
1966,Quarter-finals,Germany FR,4,0,Uruguay, ,
1966,Quarter-finals,Soviet Union,2,1,Hungary, ,
1966,Quarter-finals,Portugal,5,3,Korea DPR, ,
1966,Semi-finals,Germany FR,2,1,Soviet Union, ,
1966,Semi-finals,England,2,1,Portugal, ,
1966,Match for third place,Portugal,2,1,Soviet Union, ,
1966,Final,England,4,2,Germany FR,England win after extra time ,
1970,Group 1,Mexico,0,0,Soviet Union, ,
1970,Group 2,Uruguay,2,0,Israel, ,
1970,Group 4,Peru,3,2,Bulgaria, ,
1970,Group 3,England,1,0,Romania, ,
1970,Group 2,Italy,1,0,Sweden, ,
1970,Group 4,Germany FR,2,1,Morocco, ,
1970,Group 3,Brazil,4,1,Czechoslovakia, ,
1970,Group 1,Belgium,3,0,El Salvador, ,
1970,Group 2,Uruguay,0,0,Italy, ,
1970,Group 4,Peru,3,0,Morocco, ,
1970,Group 3,Romania,2,1,Czechoslovakia, ,
1970,Group 1,Soviet Union,4,1,Belgium, ,
1970,Group 2,Sweden,1,1,Israel, ,
1970,Group 4,Germany FR,5,2,Bulgaria, ,
1970,Group 3,Brazil,1,0,England, ,
1970,Group 1,Mexico,4,0,El Salvador, ,
1970,Group 2,Sweden,1,0,Uruguay, ,
1970,Group 4,Germany FR,3,1,Peru, ,
1970,Group 3,Brazil,3,2,Romania, ,
1970,Group 1,Soviet Union,2,0,El Salvador, ,
1970,Group 2,Italy,0,0,Israel, ,
1970,Group 4,Bulgaria,1,1,Morocco, ,
1970,Group 3,England,1,0,Czechoslovakia, ,
1970,Group 1,Mexico,1,0,Belgium, ,
1970,Quarter-finals,Italy,4,1,Mexico, ,
1970,Quarter-finals,Germany FR,3,2,England,Germany FR win after extra time ,
1970,Quarter-finals,Brazil,4,2,Peru, ,
1970,Quarter-finals,Uruguay,1,0,Soviet Union,Uruguay win after extra time ,
1970,Semi-finals,Brazil,3,1,Uruguay, ,
1970,Semi-finals,Italy,4,3,Germany FR,Italy win after extra time ,
1970,Match for third place,Germany FR,1,0,Uruguay, ,
1970,Final,Brazil,4,1,Italy, ,
1974,Group 2,Brazil,0,0,Yugoslavia, ,
1974,Group 1,Germany FR,1,0,Chile, ,
1974,Group 1,German DR,2,0,Australia, ,
1974,Group 2,Zaire,0,2,Scotland, ,
1974,Group 3,Uruguay,0,2,Netherlands, ,
1974,Group 3,Sweden,0,0,Bulgaria, ,
1974,Group 4,Italy,3,1,Haiti, ,
1974,Group 4,Poland,3,2,Argentina, ,
1974,Group 1,Australia,0,3,Germany FR, ,
1974,Group 2,Scotland,0,0,Brazil, ,
1974,Group 1,Chile,1,1,German DR, ,
1974,Group 2,Yugoslavia,9,0,Zaire, ,
1974,Group 3,Netherlands,0,0,Sweden, ,
1974,Group 3,Bulgaria,1,1,Uruguay, ,
1974,Group 4,Haiti,0,7,Poland, ,
1974,Group 4,Argentina,1,1,Italy, ,
1974,Group 2,Scotland,1,1,Yugoslavia, ,
1974,Group 1,Australia,0,0,Chile, ,
1974,Group 2,Zaire,0,3,Brazil, ,
1974,Group 1,German DR,1,0,Germany FR, ,
1974,Group 3,Bulgaria,1,4,Netherlands, ,
1974,Group 4,Argentina,4,1,Haiti, ,
1974,Group 3,Sweden,3,0,Uruguay, ,
1974,Group 4,Poland,2,1,Italy, ,
1974,Group B,Yugoslavia,0,2,Germany FR, ,
1974,Group A,Brazil,1,0,German DR, ,
1974,Group A,Netherlands,4,0,Argentina, ,
1974,Group B,Sweden,0,1,Poland, ,
1974,Group A,Argentina,1,2,Brazil, ,
1974,Group B,Poland,2,1,Yugoslavia, ,
1974,Group A,German DR,0,2,Netherlands, ,
1974,Group B,Germany FR,4,2,Sweden, ,
1974,Group B,Poland,0,1,Germany FR, ,
1974,Group A,Netherlands,2,0,Brazil, ,
1974,Group A,Argentina,1,1,German DR, ,
1974,Group B,Sweden,2,1,Yugoslavia, ,
1974,Match for third place,Brazil,0,1,Poland, ,
1974,Final,Netherlands,1,2,Germany FR, ,
1978,Group 2,Germany FR,0,0,Poland, ,
1978,Group 1,Italy,2,1,France, ,
1978,Group 2,Tunisia,3,1,Mexico, ,
1978,Group 1,Argentina,2,1,Hungary, ,
1978,Group 3,Sweden,1,1,Brazil, ,
1978,Group 3,Austria,2,1,Spain, ,
1978,Group 4,Peru,3,1,Scotland, ,
1978,Group 4,Netherlands,3,0,IR Iran, ,
1978,Group 1,Italy,3,1,Hungary, ,
1978,Group 2,Poland,1,0,Tunisia, ,
1978,Group 2,Germany FR,6,0,Mexico, ,
1978,Group 1,Argentina,2,1,France, ,
1978,Group 3,Brazil,0,0,Spain, ,
1978,Group 3,Austria,1,0,Sweden, ,
1978,Group 4,Scotland,1,1,IR Iran, ,
1978,Group 4,Netherlands,0,0,Peru, ,
1978,Group 1,France,3,1,Hungary, ,
1978,Group 2,Poland,3,1,Mexico, ,
1978,Group 2,Germany FR,0,0,Tunisia, ,
1978,Group 1,Italy,1,0,Argentina, ,
1978,Group 3,Brazil,1,0,Austria, ,
1978,Group 3,Spain,1,0,Sweden, ,
1978,Group 4,Peru,4,1,Iran, ,
1978,Group 4,Scotland,3,2,Netherlands, ,
1978,Group A,Germany FR,0,0,Italy, ,
1978,Group A,Netherlands,5,1,Austria, ,
1978,Group B,Brazil,3,0,Peru, ,
1978,Group B,Argentina,2,0,Poland, ,
1978,Group B,Poland,1,0,Peru, ,
1978,Group A,Italy,1,0,Austria, ,
1978,Group A,Germany FR,2,2,Netherlands, ,
1978,Group B,Argentina,0,0,Brazil, ,
1978,Group A,Netherlands,2,1,Italy, ,
1978,Group A,Austria,3,2,Germany FR, ,
1978,Group B,Brazil,3,1,Poland, ,
1978,Group B,Argentina,6,0,Peru, ,
1978,Match for third place,Brazil,2,1,Italy, ,
1978,Final,Argentina,3,1,Netherlands,Argentina win after extra time ,
1982,Group 3,Argentina,0,1,Belgium, ,
1982,Group 1,Italy,0,0,Poland, ,
1982,Group 6,Brazil,2,1,Soviet Union, ,
1982,Group 1,Peru,0,0,Cameroon, ,
1982,Group 3,Hungary,10,1,El Salvador, ,
1982,Group 6,Scotland,5,2,New Zealand, ,
1982,Group 2,Germany FR,1,2,Algeria, ,
1982,Group 4,England,3,1,France, ,
1982,Group 5,Spain,1,1,Honduras, ,
1982,Group 2,Chile,0,1,Austria, ,
1982,Group 4,Czechoslovakia,1,1,Kuwait, ,
1982,Group 5,Yugoslavia,0,0,Northern Ireland, ,
1982,Group 1,Italy,1,1,Peru, ,
1982,Group 3,Argentina,4,1,Hungary, ,
1982,Group 6,Brazil,4,1,Scotland, ,
1982,Group 1,Poland,0,0,Cameroon, ,
1982,Group 3,Belgium,1,0,El Salvador, ,
1982,Group 6,Soviet Union,3,0,New Zealand, ,
1982,Group 2,Germany FR,4,1,Chile, ,
1982,Group 4,England,2,0,Czechoslovakia, ,
1982,Group 5,Spain,2,1,Yugoslavia, ,
1982,Group 2,Algeria,0,2,Austria, ,
1982,Group 4,France,4,1,Kuwait, ,
1982,Group 5,Honduras,1,1,Northern Ireland, ,
1982,Group 1,Poland,5,1,Peru, ,
1982,Group 3,Belgium,1,1,Hungary, ,
1982,Group 6,Soviet Union,2,2,Scotland, ,
1982,Group 1,Italy,1,1,Cameroon, ,
1982,Group 3,Argentina,2,0,El Salvador, ,
1982,Group 6,Brazil,4,0,New Zealand, ,
1982,Group 2,Algeria,3,2,Chile, ,
1982,Group 4,France,1,1,Czechoslovakia, ,
1982,Group 5,Honduras,0,1,Yugoslavia, ,
1982,Group 2,Germany FR,1,0,Austria, ,
1982,Group 4,England,1,0,Kuwait, ,
1982,Group 5,Northern Ireland,1,0,Spain, ,
1982,Group 4,Austria,0,1,France, ,
1982,Group 1,Poland,3,0,Belgium, ,
1982,Group 3,Italy,2,1,Argentina, ,
1982,Group 2,Germany FR,0,0,England, ,
1982,Group 4,Austria,2,2,Northern Ireland, ,
1982,Group 1,Belgium,0,1,Soviet Union, ,
1982,Group 3,Argentina,1,3,Brazil, ,
1982,Group 2,Germany FR,2,1,Spain, ,
1982,Group 4,France,4,1,Northern Ireland, ,
1982,Group 1,Poland,0,0,Soviet Union, ,
1982,Group 3,Italy,3,2,Brazil, ,
1982,Group 2,Spain,0,0,England, ,
1982,Semi-finals,Poland,0,2,Italy, ,
1982,Semi-finals,Germany FR,3,3,France, win on penalties (5 - 4) ,
1982,Match for third place,Poland,3,2,France, ,
1982,Final,Italy,3,1,Germany FR, ,
1986,Group A,Bulgaria,1,1,Italy, ,
1986,Group C,Canada,0,1,France, ,
1986,Group D,Spain,0,1,Brazil, ,
1986,Group C,Soviet Union,6,0,Hungary, ,
1986,Group A,Argentina,3,1,Korea Republic, ,
1986,Group F,Morocco,0,0,Poland, ,
1986,Group D,Algeria,1,1,Northern Ireland, ,
1986,Group B,Belgium,1,2,Mexico, ,
1986,Group F,Portugal,1,0,England, ,
1986,Group B,Paraguay,1,0,Iraq, ,
1986,Group E,Scotland,0,1,Denmark, ,
1986,Group E,Uruguay,1,1,Germany FR, ,
1986,Group A,Italy,1,1,Argentina, ,
1986,Group C,France,1,1,Soviet Union, ,
1986,Group A,Korea Republic,1,1,Bulgaria, ,
1986,Group C,Hungary,2,0,Canada, ,
1986,Group D,Brazil,1,0,Algeria, ,
1986,Group F,England,0,0,Morocco, ,
1986,Group D,Northern Ireland,1,2,Spain, ,
1986,Group B,Mexico,1,1,Paraguay, ,
1986,Group F,Poland,1,0,Portugal, ,
1986,Group B,Iraq,1,2,Belgium, ,
1986,Group E,Denmark,6,1,Uruguay, ,
1986,Group E,Germany FR,2,1,Scotland, ,
1986,Group C,Hungary,0,3,France, ,
1986,Group C,Soviet Union,2,0,Canada, ,
1986,Group A,Korea Republic,2,3,Italy, ,
1986,Group A,Argentina,2,0,Bulgaria, ,
1986,Group B,Paraguay,2,2,Belgium, ,
1986,Group B,Iraq,0,1,Mexico, ,
1986,Group F,Portugal,1,3,Morocco, ,
1986,Group F,England,3,0,Poland, ,
1986,Group D,Northern Ireland,0,3,Brazil, ,
1986,Group D,Algeria,0,3,Spain, ,
1986,Group E,Scotland,0,0,Uruguay, ,
1986,Group E,Denmark,2,0,Germany FR, ,
1986,Round of 16,Soviet Union,3,4,Belgium,Belgium win after extra time ,
1986,Round of 16,Mexico,2,0,Bulgaria, ,
1986,Round of 16,Argentina,1,0,Uruguay, ,
1986,Round of 16,Brazil,4,0,Poland, ,
1986,Round of 16,Italy,0,2,France, ,
1986,Round of 16,Morocco,0,1,Germany FR, ,
1986,Round of 16,England,3,0,Paraguay, ,
1986,Round of 16,Denmark,1,5,Spain, ,
1986,Quarter-finals,Brazil,1,1,France,France win on penalties (3 - 4) ,
1986,Quarter-finals,Germany FR,0,0,Mexico,Germany FR win on penalties (4 - 1) ,
1986,Quarter-finals,Spain,1,1,Belgium,Belgium win on penalties (4 - 5) ,
1986,Quarter-finals,Argentina,2,1,England, ,
1986,Semi-finals,France,0,2,Germany FR, ,
1986,Semi-finals,Argentina,2,0,Belgium, ,
1986,Match for third place,France,4,2,Belgium,France win after extra time ,
1986,Final,Argentina,3,2,Germany FR, ,
1990,Group B,Argentina,0,1,Cameroon, ,
1990,Group B,Soviet Union,0,2,Romania, ,
1990,Group D,"rn"">United Arab Emirates",0,2,Colombia, ,
1990,Group A,Italy,1,0,Austria, ,
1990,Group A,USA,1,5,Czechoslovakia, ,
1990,Group C,Brazil,2,1,Sweden, ,
1990,Group D,Germany FR,4,1,Yugoslavia, ,
1990,Group C,Costa Rica,1,0,Scotland, ,
1990,Group F,England,1,1,"rn"">Republic of Ireland", ,
1990,Group E,Belgium,2,0,Korea Republic, ,
1990,Group F,Netherlands,1,1,Egypt, ,
1990,Group E,Uruguay,0,0,Spain, ,
1990,Group B,Argentina,2,0,Soviet Union, ,
1990,Group B,Cameroon,2,1,Romania, ,
1990,Group D,Yugoslavia,1,0,Colombia, ,
1990,Group A,Italy,1,0,USA, ,
1990,Group A,Austria,0,1,Czechoslovakia, ,
1990,Group D,Germany FR,5,1,"rn"">United Arab Emirates", ,
1990,Group C,Brazil,1,0,Costa Rica, ,
1990,Group C,Sweden,1,2,Scotland, ,
1990,Group F,England,0,0,Netherlands, ,
1990,Group F,"rn"">Republic of Ireland",0,0,Egypt, ,
1990,Group E,Korea Republic,1,3,Spain, ,
1990,Group E,Belgium,3,1,Uruguay, ,
1990,Group B,Argentina,1,1,Romania, ,
1990,Group B,Cameroon,0,4,Soviet Union, ,
1990,Group D,Germany FR,1,1,Colombia, ,
1990,Group D,Yugoslavia,4,1,"rn"">United Arab Emirates", ,
1990,Group A,Italy,2,0,Czechoslovakia, ,
1990,Group A,Austria,2,1,USA, ,
1990,Group C,Brazil,1,0,Scotland, ,
1990,Group C,Sweden,1,2,Costa Rica, ,
1990,Group E,Korea Republic,0,1,Uruguay, ,
1990,Group E,Belgium,1,2,Spain, ,
1990,Group F,"rn"">Republic of Ireland",1,1,Netherlands, ,
1990,Group F,England,1,0,Egypt, ,
1990,Round of 16,Cameroon,2,1,Colombia,Cameroon win after extra time ,
1990,Round of 16,Czechoslovakia,4,1,Costa Rica, ,
1990,Round of 16,Brazil,0,1,Argentina, ,
1990,Round of 16,Germany FR,2,1,Netherlands, ,
1990,Round of 16,"rn"">Republic of Ireland",0,0,Romania,Republic of Ireland win on penalties (5 - 4) ,
1990,Round of 16,Italy,2,0,Uruguay, ,
1990,Round of 16,Spain,1,2,Yugoslavia,Yugoslavia win after extra time ,
1990,Round of 16,England,1,0,Belgium,England win after extra time ,
1990,Quarter-finals,Yugoslavia,0,0,Argentina, win on penalties (2 - 3) ,
1990,Quarter-finals,Italy,1,0,"rn"">Republic of Ireland", ,
1990,Quarter-finals,Germany FR,1,0,Czechoslovakia, ,
1990,Quarter-finals,England,3,2,Cameroon,England win after extra time ,
1990,Semi-finals,Italy,1,1,Argentina, win on penalties (3 - 4) ,
1990,Semi-finals,Germany FR,1,1,England, win on penalties (4 - 3) ,
1990,Match for third place,Italy,2,1,England, ,
1990,Final,Germany FR,1,0,Argentina, ,
1994,Group C,Spain,2,2,Korea Republic, ,
1994,Group C,Germany,1,0,Bolivia, ,
1994,Group A,USA,1,1,Switzerland, ,
1994,Group E,Italy,0,1,"rn"">Republic of Ireland", ,
1994,Group A,Colombia,1,3,Romania, ,
1994,Group F,Belgium,1,0,Morocco, ,
1994,Group E,Norway,1,0,Mexico, ,
1994,Group B,Cameroon,2,2,Sweden, ,
1994,Group F,Netherlands,2,1,Saudi Arabia, ,
1994,Group B,Brazil,2,0,Russia, ,
1994,Group D,Argentina,4,0,Greece, ,
1994,Group D,Nigeria,3,0,Bulgaria, ,
1994,Group C,Germany,1,1,Spain, ,
1994,Group A,Romania,1,4,Switzerland, ,
1994,Group A,USA,2,1,Colombia, ,
1994,Group E,Italy,1,0,Norway, ,
1994,Group C,Korea Republic,0,0,Bolivia, ,
1994,Group E,Mexico,2,1,"rn"">Republic of Ireland", ,
1994,Group B,Sweden,3,1,Russia, ,
1994,Group B,Brazil,3,0,Cameroon, ,
1994,Group F,Belgium,1,0,Netherlands, ,
1994,Group F,Saudi Arabia,2,1,Morocco, ,
1994,Group D,Argentina,2,1,Nigeria, ,
1994,Group D,Bulgaria,4,0,Greece, ,
1994,Group A,USA,0,1,Romania, ,
1994,Group A,Switzerland,0,2,Colombia, ,
1994,Group C,Germany,3,2,Korea Republic, ,
1994,Group C,Bolivia,1,3,Spain, ,
1994,Group E,"rn"">Republic of Ireland",0,0,Norway, ,
1994,Group B,Brazil,1,1,Sweden, ,
1994,Group E,Italy,1,1,Mexico, ,
1994,Group B,Russia,6,1,Cameroon, ,
1994,Group F,Morocco,1,2,Netherlands, ,
1994,Group F,Belgium,0,1,Saudi Arabia, ,
1994,Group D,Greece,0,2,Nigeria, ,
1994,Group D,Argentina,0,2,Bulgaria, ,
1994,Round of 16,Germany,3,2,Belgium, ,
1994,Round of 16,Spain,3,0,Switzerland, ,
1994,Round of 16,Saudi Arabia,1,3,Sweden, ,
1994,Round of 16,Romania,3,2,Argentina, ,
1994,Round of 16,Netherlands,2,0,"rn"">Republic of Ireland", ,
1994,Round of 16,Brazil,1,0,USA, ,
1994,Round of 16,Nigeria,1,2,Italy,Italy win after extra time ,
1994,Round of 16,Mexico,1,1,Bulgaria,Bulgaria win on penalties (1 - 3) ,
1994,Quarter-finals,Italy,2,1,Spain, ,
1994,Quarter-finals,Netherlands,2,3,Brazil, ,
1994,Quarter-finals,Bulgaria,2,1,Germany, ,
1994,Quarter-finals,Romania,2,2,Sweden,Sweden win on penalties (4 - 5) ,
1994,Semi-finals,Bulgaria,1,2,Italy, ,
1994,Semi-finals,Sweden,0,1,Brazil, ,
1994,Match for third place,Sweden,4,0,Bulgaria, ,
1994,Final,Brazil,0,0,Italy,Brazil win on penalties (3 - 2) ,
1998,Group A,Brazil,2,1,Scotland, ,
1998,Group A,Morocco,2,2,Norway, ,
1998,Group B,Italy,2,2,Chile, ,
1998,Group B,Cameroon,1,1,Austria, ,
1998,Group D,Paraguay,0,0,Bulgaria, ,
1998,Group C,Saudi Arabia,0,1,Denmark, ,
1998,Group C,France,3,0,South Africa, ,
1998,Group D,Spain,2,3,Nigeria, ,
1998,Group E,Korea Republic,1,3,Mexico, ,
1998,Group E,Netherlands,0,0,Belgium, ,
1998,Group H,Argentina,1,0,Japan, ,
1998,Group F,Yugoslavia,1,0,Iran, ,
1998,Group H,Jamaica,1,3,Croatia, ,
1998,Group G,England,2,0,Tunisia, ,
1998,Group G,Romania,1,0,Colombia, ,
1998,Group F,Germany,2,0,USA, ,
1998,Group A,Scotland,1,1,Norway, ,
1998,Group A,Brazil,3,0,Morocco, ,
1998,Group B,Chile,1,1,Austria, ,
1998,Group B,Italy,3,0,Cameroon, ,
1998,Group C,South Africa,1,1,Denmark, ,
1998,Group C,France,4,0,Saudi Arabia, ,
1998,Group D,Nigeria,1,0,Bulgaria, ,
1998,Group D,Spain,0,0,Paraguay, ,
1998,Group H,Japan,0,1,Croatia, ,
1998,Group E,Belgium,2,2,Mexico, ,
1998,Group E,Netherlands,5,0,Korea Republic, ,
1998,Group F,Germany,2,2,Yugoslavia, ,
1998,Group H,Argentina,5,0,Jamaica, ,
1998,Group F,USA,1,2,Iran, ,
1998,Group G,Colombia,1,0,Tunisia, ,
1998,Group G,Romania,2,1,England, ,
1998,Group B,Italy,2,1,Austria, ,
1998,Group B,Chile,1,1,Cameroon, ,
1998,Group A,Scotland,0,3,Morocco, ,
1998,Group A,Brazil,1,2,Norway, ,
1998,Group C,France,2,1,Denmark, ,
1998,Group C,South Africa,2,2,Saudi Arabia, ,
1998,Group D,Spain,6,1,Bulgaria, ,
1998,Group D,Nigeria,1,3,Paraguay, ,
1998,Group E,Belgium,1,1,Korea Republic, ,
1998,Group E,Netherlands,2,2,Mexico, ,
1998,Group F,Germany,2,0,Iran, ,
1998,Group F,USA,0,1,Yugoslavia, ,
1998,Group H,Japan,1,2,Jamaica, ,
1998,Group H,Argentina,1,0,Croatia, ,
1998,Group G,Romania,1,1,Tunisia, ,
1998,Group G,Colombia,0,2,England, ,
1998,Round of 16,Italy,1,0,Norway, ,
1998,Round of 16,Brazil,4,1,Chile, ,
1998,Round of 16,France,1,0,Paraguay,France win after extra time ,
1998,Round of 16,Nigeria,1,4,Denmark, ,
1998,Round of 16,Germany,2,1,Mexico, ,
1998,Round of 16,Netherlands,2,1,Yugoslavia, ,
1998,Round of 16,Romania,0,1,Croatia, ,
1998,Round of 16,Argentina,2,2,England,Argentina win on penalties (4 - 3) ,
1998,Quarter-finals,Italy,0,0,France,France win on penalties (3 - 4) ,
1998,Quarter-finals,Brazil,3,2,Denmark, ,
1998,Quarter-finals,Netherlands,2,1,Argentina, ,
1998,Quarter-finals,Germany,0,3,Croatia, ,
1998,Semi-finals,Brazil,1,1,Netherlands,Brazil win on penalties (4 - 2) ,
1998,Semi-finals,France,2,1,Croatia, ,
1998,Match for third place,Netherlands,1,2,Croatia, ,
1998,Final,Brazil,0,3,France, ,
2002,Group A,France,0,1,Senegal, ,
2002,Group A,Uruguay,1,2,Denmark, ,
2002,Group E,"rn"">Republic of Ireland",1,1,Cameroon, ,
2002,Group E,Germany,8,0,Saudi Arabia, ,
2002,Group F,Argentina,1,0,Nigeria, ,
2002,Group B,Paraguay,2,2,South Africa, ,
2002,Group F,England,1,1,Sweden, ,
2002,Group B,Spain,3,1,Slovenia, ,
2002,Group C,Brazil,2,1,Turkey, ,
2002,Group G,Italy,2,0,Ecuador, ,
2002,Group G,Croatia,0,1,Mexico, ,
2002,Group C,China PR,0,2,Costa Rica, ,
2002,Group H,Japan,2,2,Belgium, ,
2002,Group D,Korea Republic,2,0,Poland, ,
2002,Group H,Russia,2,0,Tunisia, ,
2002,Group D,USA,3,2,Portugal, ,
2002,Group E,Germany,1,1,"rn"">Republic of Ireland", ,
2002,Group A,Denmark,1,1,Senegal, ,
2002,Group E,Cameroon,1,0,Saudi Arabia, ,
2002,Group A,France,0,0,Uruguay, ,
2002,Group F,Sweden,2,1,Nigeria, ,
2002,Group F,Argentina,0,1,England, ,
2002,Group B,Spain,3,1,Paraguay, ,
2002,Group B,South Africa,1,0,Slovenia, ,
2002,Group C,Brazil,4,0,China PR, ,
2002,Group G,Italy,1,2,Croatia, ,
2002,Group C,Costa Rica,1,1,Turkey, ,
2002,Group H,Japan,1,0,Russia, ,
2002,Group G,Mexico,2,1,Ecuador, ,
2002,Group D,Korea Republic,1,1,USA, ,
2002,Group D,Portugal,4,0,Poland, ,
2002,Group H,Tunisia,1,1,Belgium, ,
2002,Group A,Denmark,2,0,France, ,
2002,Group A,Senegal,3,3,Uruguay, ,
2002,Group E,Saudi Arabia,0,3,"rn"">Republic of Ireland", ,
2002,Group E,Cameroon,0,2,Germany, ,
2002,Group F,Sweden,1,1,Argentina, ,
2002,Group F,Nigeria,0,0,England, ,
2002,Group B,Slovenia,1,3,Paraguay, ,
2002,Group B,South Africa,2,3,Spain, ,
2002,Group C,Costa Rica,2,5,Brazil, ,
2002,Group C,Turkey,3,0,China PR, ,
2002,Group G,Ecuador,1,0,Croatia, ,
2002,Group G,Mexico,1,1,Italy, ,
2002,Group H,Tunisia,0,2,Japan, ,
2002,Group D,Portugal,0,1,Korea Republic, ,
2002,Group D,Poland,3,1,USA, ,
2002,Group H,Belgium,3,2,Russia, ,
2002,Round of 16,Denmark,0,3,England, ,
2002,Round of 16,Germany,1,0,Paraguay, ,
2002,Round of 16,Spain,1,1,"rn"">Republic of Ireland",Spain win on penalties (3 - 2) ,
2002,Round of 16,Sweden,1,2,Senegal,Win on Golden Goal ,
2002,Round of 16,Brazil,2,0,Belgium, ,
2002,Round of 16,Mexico,0,2,USA, ,
2002,Round of 16,Japan,0,1,Turkey, ,
2002,Round of 16,Korea Republic,2,1,Italy,Win on Golden Goal ,
2002,Quarter-finals,England,1,2,Brazil, ,
2002,Quarter-finals,Germany,1,0,USA, ,
2002,Quarter-finals,Senegal,0,1,Turkey,Win on Golden Goal ,
2002,Quarter-finals,Spain,0,0,Korea Republic,Korea Republic win on penalties (3 - 5) ,
2002,Semi-finals,Germany,1,0,Korea Republic, ,
2002,Semi-finals,Brazil,1,0,Turkey, ,
2002,Third place,Korea Republic,2,3,Turkey, ,
2002,Final,Germany,0,2,Brazil, ,
2006,Group A,Germany,4,2,Costa Rica, ,
2006,Group A,Poland,0,2,Ecuador, ,
2006,Group B,England,1,0,Paraguay, ,
2006,Group B,"rn"">Trinidad and Tobago",0,0,Sweden, ,
2006,Group C,Argentina,2,1,C???te d'Ivoire, ,
2006,Group C,"rn"">Serbia and Montenegro",0,1,Netherlands, ,
2006,Group D,Mexico,3,1,Iran, ,
2006,Group D,Angola,0,1,Portugal, ,
2006,Group F,Australia,3,1,Japan, ,
2006,Group E,USA,0,3,Czech Republic, ,
2006,Group E,Italy,2,0,Ghana, ,
2006,Group G,Korea Republic,2,1,Togo, ,
2006,Group G,France,0,0,Switzerland, ,
2006,Group F,Brazil,1,0,Croatia, ,
2006,Group H,Spain,4,0,Ukraine, ,
2006,Group H,Tunisia,2,2,Saudi Arabia, ,
2006,Group A,Germany,1,0,Poland, ,
2006,Group A,Ecuador,3,0,Costa Rica, ,
2006,Group B,England,2,0,"rn"">Trinidad and Tobago", ,
2006,Group B,Sweden,1,0,Paraguay, ,
2006,Group C,Argentina,6,0,"rn"">Serbia and Montenegro", ,
2006,Group C,Netherlands,2,1,C???te d'Ivoire, ,
2006,Group D,Mexico,0,0,Angola, ,
2006,Group D,Portugal,2,0,IR Iran, ,
2006,Group E,Czech Republic,0,2,Ghana, ,
2006,Group E,Italy,1,1,USA, ,
2006,Group F,Japan,0,0,Croatia, ,
2006,Group F,Brazil,2,0,Australia, ,
2006,Group G,France,1,1,Korea Republic, ,
2006,Group G,Togo,0,2,Switzerland, ,
2006,Group H,Saudi Arabia,0,4,Ukraine, ,
2006,Group H,Spain,3,1,Tunisia, ,
2006,Group A,Ecuador,0,3,Germany, ,
2006,Group A,Costa Rica,1,2,Poland, ,
2006,Group B,Sweden,2,2,England, ,
2006,Group B,Paraguay,2,0,"rn"">Trinidad and Tobago", ,
2006,Group D,Iran,1,1,Angola, ,
2006,Group D,Portugal,2,1,Mexico, ,
2006,Group C,Netherlands,0,0,Argentina, ,
2006,Group C,C???te d'Ivoire,3,2,"rn"">Serbia and Montenegro", ,
2006,Group E,Czech Republic,0,2,Italy, ,
2006,Group E,Ghana,2,1,USA, ,
2006,Group F,Japan,1,4,Brazil, ,
2006,Group F,Croatia,2,2,Australia, ,
2006,Group H,Ukraine,1,0,Tunisia, ,
2006,Group H,Saudi Arabia,0,1,Spain, ,
2006,Group G,Togo,0,2,France, ,
2006,Group G,Switzerland,2,0,Korea Republic, ,
2006,Round of 16,Germany,2,0,Sweden, ,
2006,Round of 16,Argentina,2,1,Mexico,Argentina win after extra time ,
2006,Round of 16,England,1,0,Ecuador, ,
2006,Round of 16,Portugal,1,0,Netherlands, ,
2006,Round of 16,Italy,1,0,Australia, ,
2006,Round of 16,Switzerland,0,0,Ukraine,Ukraine win on penalties (0 - 3) ,
2006,Round of 16,Brazil,3,0,Ghana, ,
2006,Round of 16,Spain,1,3,France, ,
2006,Quarter-finals,Germany,1,1,Argentina,Germany win on penalties (4 - 2) ,
2006,Quarter-finals,Italy,3,0,Ukraine, ,
2006,Quarter-finals,England,0,0,Portugal,Portugal win on penalties (1 - 3) ,
2006,Quarter-finals,Brazil,0,1,France, ,
2006,Semi-finals,Germany,0,2,Italy,Italy win after extra time ,
2006,Semi-finals,Portugal,0,1,France, ,
2006,Third place,Germany,3,1,Portugal, ,
2006,Final,Italy,1,1,France,Italy win on penalties (5 - 3) ,
2010,Group A,South Africa,1,1,Mexico, ,
2010,Group A,Uruguay,0,0,France, ,
2010,Group B,Korea Republic,2,0,Greece, ,
2010,Group B,Argentina,1,0,Nigeria, ,
2010,Group C,England,1,1,USA, ,
2010,Group C,Algeria,0,1,Slovenia, ,
2010,Group D,Serbia,0,1,Ghana, ,
2010,Group D,Germany,4,0,Australia, ,
2010,Group E,Netherlands,2,0,Denmark, ,
2010,Group E,Japan,1,0,Cameroon, ,
2010,Group F,Italy,1,1,Paraguay, ,
2010,Group F,New Zealand,1,1,Slovakia, ,
2010,Group G,C???te d'Ivoire,0,0,Portugal, ,
2010,Group G,Brazil,2,1,Korea DPR, ,
2010,Group H,Honduras,0,1,Chile, ,
2010,Group H,Spain,0,1,Switzerland, ,
2010,Group A,South Africa,0,3,Uruguay, ,
2010,Group B,Argentina,4,1,Korea Republic, ,
2010,Group B,Greece,2,1,Nigeria, ,
2010,Group A,France,0,2,Mexico, ,
2010,Group D,Germany,0,1,Serbia, ,
2010,Group C,Slovenia,2,2,USA, ,
2010,Group C,England,0,0,Algeria, ,
2010,Group E,Netherlands,1,0,Japan, ,
2010,Group D,Ghana,1,1,Australia, ,
2010,Group E,Cameroon,1,2,Denmark, ,
2010,Group F,Slovakia,0,2,Paraguay, ,
2010,Group F,Italy,1,1,New Zealand, ,
2010,Group G,Brazil,3,1,C???te d'Ivoire, ,
2010,Group G,Portugal,7,0,Korea DPR, ,
2010,Group H,Chile,1,0,Switzerland, ,
2010,Group H,Spain,2,0,Honduras, ,
2010,Group A,Mexico,0,1,Uruguay, ,
2010,Group A,France,1,2,South Africa, ,
2010,Group B,Nigeria,2,2,Korea Republic, ,
2010,Group B,Greece,0,2,Argentina, ,
2010,Group C,Slovenia,0,1,England, ,
2010,Group C,USA,1,0,Algeria, ,
2010,Group D,Ghana,0,1,Germany, ,
2010,Group D,Australia,2,1,Serbia, ,
2010,Group F,Slovakia,3,2,Italy, ,
2010,Group F,Paraguay,0,0,New Zealand, ,
2010,Group E,Denmark,1,3,Japan, ,
2010,Group E,Cameroon,1,2,Netherlands, ,
2010,Group G,Portugal,0,0,Brazil, ,
2010,Group G,Korea DPR,0,3,C???te d'Ivoire, ,
2010,Group H,Chile,1,2,Spain, ,
2010,Group H,Switzerland,0,0,Honduras, ,
2010,Round of 16,Uruguay,2,1,Korea Republic, ,
2010,Round of 16,USA,1,2,Ghana,Ghana win after extra time ,
2010,Round of 16,Germany,4,1,England, ,
2010,Round of 16,Argentina,3,1,Mexico, ,
2010,Round of 16,Netherlands,2,1,Slovakia, ,
2010,Round of 16,Brazil,3,0,Chile, ,
2010,Round of 16,Paraguay,0,0,Japan,Paraguay win on penalties (5 - 3) ,
2010,Round of 16,Spain,1,0,Portugal, ,
2010,Quarter-finals,Netherlands,2,1,Brazil, ,
2010,Quarter-finals,Uruguay,1,1,Ghana,Uruguay win on penalties (4 - 2) ,
2010,Quarter-finals,Argentina,0,4,Germany, ,
2010,Quarter-finals,Paraguay,0,1,Spain, ,
2010,Semi-finals,Uruguay,2,3,Netherlands, ,
2010,Semi-finals,Germany,0,1,Spain, ,
2010,Match for third place,Uruguay,2,3,Germany, ,
2010,Final,Netherlands,0,1,Spain,Spain win after extra time ,
2014,Group A,Brazil,3,1,Croatia, ,
2014,Group A,Mexico,1,0,Cameroon, ,
2014,Group B,Spain,1,5,Netherlands, ,
2014,Group B,Chile,3,1,Australia, ,
2014,Group C,Colombia,3,0,Greece, ,
2014,Group D,Uruguay,1,3,Costa Rica, ,
2014,Group D,England,1,2,Italy, ,
2014,Group C,C???te d'Ivoire,2,1,Japan, ,
2014,Group E,Switzerland,2,1,Ecuador, ,
2014,Group E,France,3,0,Honduras, ,
2014,Group F,Argentina,2,1,"rn"">Bosnia and Herzegovina", ,
2014,Group G,Germany,4,0,Portugal, ,
2014,Group F,IR Iran,0,0,Nigeria, ,
2014,Group G,Ghana,1,2,USA, ,
2014,Group H,Belgium,2,1,Algeria, ,
2014,Group A,Brazil,0,0,Mexico, ,
2014,Group H,Russia,1,1,Korea Republic, ,
2014,Group B,Australia,2,3,Netherlands, ,
2014,Group B,Spain,0,2,Chile, ,
2014,Group A,Cameroon,0,4,Croatia, ,
2014,Group C,Colombia,2,1,C???te d'Ivoire, ,
2014,Group D,Uruguay,2,1,England, ,
2014,Group C,Japan,0,0,Greece, ,
2014,Group D,Italy,0,1,Costa Rica, ,
2014,Group E,Switzerland,2,5,France, ,
2014,Group E,Honduras,1,2,Ecuador, ,
2014,Group F,Argentina,1,0,IR Iran, ,
2014,Group G,Germany,2,2,Ghana, ,
2014,Group F,Nigeria,1,0,"rn"">Bosnia and Herzegovina", ,
2014,Group H,Belgium,1,0,Russia, ,
2014,Group H,Korea Republic,2,4,Algeria, ,
2014,Group G,USA,2,2,Portugal, ,
2014,Group B,Australia,0,3,Spain, ,
2014,Group B,Netherlands,2,0,Chile, ,
2014,Group A,Cameroon,1,4,Brazil, ,
2014,Group A,Croatia,1,3,Mexico, ,
2014,Group D,Italy,0,1,Uruguay, ,
2014,Group D,Costa Rica,0,0,England, ,
2014,Group C,Japan,1,4,Colombia, ,
2014,Group C,Greece,2,1,C???te d'Ivoire, ,
2014,Group F,Nigeria,2,3,Argentina, ,
2014,Group F,"rn"">Bosnia and Herzegovina",3,1,IR Iran, ,
2014,Group E,Honduras,0,3,Switzerland, ,
2014,Group E,Ecuador,0,0,France, ,
2014,Group G,USA,0,1,Germany, ,
2014,Group G,Portugal,2,1,Ghana, ,
2014,Group H,Korea Republic,0,1,Belgium, ,
2014,Group H,Algeria,1,1,Russia, ,
2014,Round of 16,Brazil,1,1,Chile,Brazil win on penalties (3 - 2) ,
2014,Round of 16,Colombia,2,0,Uruguay, ,
2014,Round of 16,France,2,0,Nigeria, ,
2014,Round of 16,Germany,2,1,Algeria,Germany win after extra time ,
2014,Quarter-finals,Brazil,2,1,Colombia, ,
2014,Quarter-finals,France,0,1,Germany, ,
2014,Semi-finals,Brazil,1,7,Germany, ,
2014,Play-off for third place,Brazil,0,3,Netherlands, ,
2014,Final,Germany,1,0,Argentina,Germany win after extra time ,
2014,Semi-finals,Netherlands,0,0,Argentina,Argentina win on penalties (2 - 4) ,
2014,Quarter-finals,Netherlands,0,0,Costa Rica,Netherlands win on penalties (4 - 3) ,
2014,Quarter-finals,Argentina,1,0,Belgium, ,
2014,Round of 16,Netherlands,2,1,Mexico, ,
2014,Round of 16,Costa Rica,1,1,Greece,Costa Rica win on penalties (5 - 3) ,
2014,Round of 16,Argentina,1,0,Switzerland,Argentina win after extra time ,
2014,Round of 16,Belgium,2,1,USA,Belgium win after extra time ,
2014,Round of 16,Brazil,1,1,Chile,Brazil win on penalties (3 - 2) ,
2014,Round of 16,Colombia,2,0,Uruguay, ,
2014,Round of 16,Netherlands,2,1,Mexico, ,
2014,Round of 16,Costa Rica,1,1,Greece,Costa Rica win on penalties (5 - 3) ,
2014,Round of 16,France,2,0,Nigeria, ,
2014,Round of 16,Germany,2,1,Algeria,Germany win after extra time ,
2014,Round of 16,Argentina,1,0,Switzerland,Argentina win after extra time ,
2014,Round of 16,Belgium,2,1,USA,Belgium win after extra time ,
2014,Quarter-finals,France,0,1,Germany, ,
2014,Quarter-finals,Brazil,2,1,Colombia, ,
2014,Quarter-finals,Argentina,1,0,Belgium, ,
2014,Quarter-finals,Netherlands,0,0,Costa Rica,Netherlands win on penalties (4 - 3) ,
2014,Semi-finals,Brazil,1,7,Germany, ,
2014,Semi-finals,Netherlands,0,0,Argentina,Argentina win on penalties (2 - 4) ,
2014,Play-off for third place,Brazil,0,3,Netherlands, ,
2014,Final,Germany,1,0,Argentina,Germany win after extra time ,
2018,group stage,Russia,5,0,Saudi Arabia,,
2018,group stage,Egypt,0,1,Uruguay,,
2018,group stage,Morocco,0,1,Iran,,
2018,group stage,Portugal,3,3,Spain,,
2018,group stage,France,2,1,Australia,,
2018,group stage,Argentina,1,1,Iceland,,
2018,group stage,Peru,0,1,Denmark,,
2018,group stage,Croatia,2,0,Nigeria,,
2018,group stage,Costa Rica,0,1,Serbia,,
2018,group stage,Germany,0,1,Mexico,,
2018,group stage,Brazil,1,1,Switzerland,,
2018,group stage,Sweden,1,0,South Korea,,
2018,group stage,Belgium,3,0,Panama,,
2018,group stage,Tunisia,1,2,England,,
2018,group stage,Colombia,1,2,Japan,,
2018,group stage,Poland,1,2,Senegal,,
2018,group stage,Russia,3,1,Egypt,,
2018,group stage,Portugal,1,0,Morocco,,
2018,group stage,Uruguay,1,0,Saudi Arabia,,
2018,group stage,Iran,0,1,Spain,,
2018,group stage,Denmark,1,1,Australia,,
2018,group stage,France,1,0,Peru,,
2018,group stage,Argentina,0,3,Croatia,,
2018,group stage,Brazil,2,0,Costa Rica,,
2018,group stage,Nigeria,2,0,Iceland,,
2018,group stage,Serbia,1,2,Switzerland,,
2018,group stage,Belgium,5,2,Tunisia,,
2018,group stage,South Korea,1,2,Mexico,,
2018,group stage,Germany,2,1,Sweden,,
2018,group stage,England,6,1,Panama,,
2018,group stage,Japan,2,2,Senegal,,
2018,group stage,Poland,0,3,Colombia,,
2018,group stage,Saudi Arabia,2,1,Egypt,,
2018,group stage,Uruguay,3,0,Russia,,
2018,group stage,Spain,2,2,Morocco,,
2018,group stage,Iran,1,1,Portugal,,
2018,group stage,Australia,0,2,Peru,,
2018,group stage,Denmark,0,0,France,,
2018,group stage,Iceland,1,2,Croatia,,
2018,group stage,Nigeria,1,2,Argentina,,
2018,group stage,South Korea,2,0,Germany,,
2018,group stage,Mexico,0,3,Sweden,,
2018,group stage,Serbia,0,2,Brazil,,
2018,group stage,Switzerland,2,2,Costa Rica,,
2018,group stage,Japan,0,1,Poland,,
2018,group stage,Senegal,0,1,Colombia,,
2018,group stage,England,0,1,Belgium,,
2018,group stage,Panama,1,2,Tunisia,,
2018,round of 16,France,4,3,Argentina,,
2018,round of 16,Uruguay,2,1,Portugal,,
2018,round of 16,Spain,1,1,Russia,Russia win on penalties (3 - 4) ,Russia win on penalties (3 - 4) 
2018,round of 16,Croatia,1,1,Denmark,Croatia win on penalties (3 - 2) ,Croatia win on penalties (3 - 2) 
2018,round of 16,Brazil,2,0,Mexico,,
2018,round of 16,Belgium,3,2,Japan,,
2018,round of 16,Sweden,1,0,Switzerland,,
2018,round of 16,Colombia,1,1,England,England win on penalties (3 - 4) ,England win on penalties (3 - 4) 
2018,quarter-finals,Uruguay,0,2,France,,
2018,quarter-finals,Brazil,1,2,Belgium,,
2018,quarter-finals,Sweden,0,2,England,,
2018,quarter-finals,Russia,2,2,Croatia,Croatia win on penalties (3 - 4) ,Croatia win on penalties (3 - 4) 
2018,semi-finals,France,1,0,Belgium,,
2018,semi-finals,Croatia,2,1,England,Croatia win after extra time ,Croatia win after extra time 
2018,third-place match,Belgium,2,0,England,,
2018,final,France,4,2,Croatia,,
2022,group stage,Qatar,0,2,Ecuador,,
2022,group stage,England,6,2,Iran,,
2022,group stage,Senegal,0,2,Netherlands,,
2022,group stage,United States,1,1,Wales,,
2022,group stage,Argentina,1,2,Saudi Arabia,,
2022,group stage,Denmark,0,0,Tunisia,,
2022,group stage,Mexico,0,0,Poland,,
2022,group stage,France,4,1,Australia,,
2022,group stage,Morocco,0,0,Croatia,,
2022,group stage,Germany,1,2,Japan,,
2022,group stage,Spain,7,0,Costa Rica,,
2022,group stage,Belgium,1,0,Canada,,
2022,group stage,Switzerland,1,0,Cameroon,,
2022,group stage,Uruguay,0,0,South Korea,,
2022,group stage,Portugal,3,2,Ghana,,
2022,group stage,Brazil,2,0,Serbia,,
2022,group stage,Wales,0,2,Iran,,
2022,group stage,Qatar,1,3,Senegal,,
2022,group stage,Netherlands,1,1,Ecuador,,
2022,group stage,England,0,0,United States,,
2022,group stage,Tunisia,0,1,Australia,,
2022,group stage,Poland,2,0,Saudi Arabia,,
2022,group stage,France,2,1,Denmark,,
2022,group stage,Argentina,2,0,Mexico,,
2022,group stage,Japan,0,1,Costa Rica,,
2022,group stage,Belgium,0,2,Morocco,,
2022,group stage,Croatia,4,1,Canada,,
2022,group stage,Spain,1,1,Germany,,
2022,group stage,Cameroon,3,3,Serbia,,
2022,group stage,South Korea,2,3,Ghana,,
2022,group stage,Brazil,1,0,Switzerland,,
2022,group stage,Portugal,2,0,Uruguay,,
2022,group stage,Ecuador,1,2,Senegal,,
2022,group stage,Netherlands,2,0,Qatar,,
2022,group stage,Iran,0,1,United States,,
2022,group stage,Wales,0,3,England,,
2022,group stage,Australia,1,0,Denmark,,
2022,group stage,Tunisia,1,0,France,,
2022,group stage,Poland,0,2,Argentina,,
2022,group stage,Saudi Arabia,1,2,Mexico,,
2022,group stage,Canada,1,2,Morocco,,
2022,group stage,Croatia,0,0,Belgium,,
2022,group stage,Costa Rica,2,4,Germany,,
2022,group stage,Japan,2,1,Spain,,
2022,group stage,Ghana,0,2,Uruguay,,
2022,group stage,South Korea,2,1,Portugal,,
2022,group stage,Cameroon,1,0,Brazil,,
2022,group stage,Serbia,2,3,Switzerland,,
2022,round of 16,Netherlands,3,1,United States,,
2022,round of 16,Argentina,2,1,Australia,,
2022,round of 16,France,3,1,Poland,,
2022,round of 16,England,3,0,Senegal,,
2022,round of 16,Japan,1,1,Croatia,Croatia win on penalties (1 - 3) ,Croatia win on penalties (1 - 3) 
2022,round of 16,Brazil,4,1,South Korea,,
2022,round of 16,Morocco,0,0,Spain,Morocco win on penalties (1 - 3) ,Morocco win on penalties (1 - 3) 
2022,round of 16,Portugal,6,1,Switzerland,,
2022,quarter-finals,Croatia,1,1,Brazil,Croatia win on penalties (4 - 2) ,Croatia win on penalties (4 - 2) 
2022,quarter-finals,Netherlands,2,2,Argentina,Argentina win on penalties (3 - 4) ,Argentina win on penalties (3 - 4) 
2022,quarter-finals,Morocco,1,0,Portugal,,
2022,quarter-finals,England,1,2,France,,
2022,semi-finals,Argentina,3,0,Croatia,,
2022,semi-finals,France,2,0,Morocco,,
2022,third-place match,Croatia,2,1,Morocco,,
2022,final,Argentina,3,3,France,Argentina win on penalties (4 - 2) ,Argentina win on penalties (4 - 2) 
